{"cameraMode":{"drawMode":0,"name":"Shaded","section":"Shading Mode"},"sceneLighting":true,"audioPlay":false,"sceneViewState":{"showFog":true,"showMaterialUpdate":false,"showSkybox":true,"showFlares":true,"showImageEffects":true,"showParticleSystems":true,"showVisualEffectGraphs":true,"m_FxEnabled":true},"in2DMode":false,"pivot":{"x":-3.58720326423645,"y":4.7603068351745609,"z":4.862420558929443},"rotation":{"x":0.07432527840137482,"y":-0.01196638960391283,"z":0.0008832174353301525,"w":0.9971740245819092},"size":4.295231819152832,"orthographic":false}