{"cameraMode":{"drawMode":0,"name":"Shaded","section":"Shading Mode"},"sceneLighting":false,"audioPlay":false,"sceneViewState":{"showFog":true,"showMaterialUpdate":false,"showSkybox":true,"showFlares":true,"showImageEffects":true,"showParticleSystems":true,"showVisualEffectGraphs":true,"m_FxEnabled":true},"in2DMode":false,"pivot":{"x":-2.4918973445892336,"y":4.128268241882324,"z":-1.7589898109436036},"rotation":{"x":0.09695377200841904,"y":0.14929738640785218,"z":-0.014173180796205998,"w":0.984428882598877},"size":0.45066535472869875,"orthographic":false}