{"cameraMode":{"drawMode":0,"name":"Shaded","section":"Shading Mode"},"sceneLighting":true,"audioPlay":false,"sceneViewState":{"showFog":true,"showMaterialUpdate":false,"showSkybox":true,"showFlares":true,"showImageEffects":true,"showParticleSystems":true,"showVisualEffectGraphs":true,"m_FxEnabled":true},"in2DMode":false,"pivot":{"x":0.5551072359085083,"y":2.8017923831939699,"z":0.6914792060852051},"rotation":{"x":0.09524025768041611,"y":0.41728588938713076,"z":-0.04377564787864685,"w":0.902845025062561},"size":3.353325605392456,"orthographic":false}