{"cameraMode":{"drawMode":0,"name":"Shaded","section":"Shading Mode"},"sceneLighting":false,"audioPlay":false,"sceneViewState":{"showFog":true,"showMaterialUpdate":false,"showSkybox":true,"showFlares":true,"showImageEffects":true,"showParticleSystems":true,"showVisualEffectGraphs":true,"m_FxEnabled":true},"in2DMode":false,"pivot":{"x":-3.038099527359009,"y":15.547208786010743,"z":7.135180950164795},"rotation":{"x":0.23354247212409974,"y":0.06627140939235687,"z":-0.015140884555876255,"w":0.9705327153205872},"size":0.6461421251296997,"orthographic":false}