{"cameraMode":{"drawMode":0,"name":"Shaded","section":"Shading Mode"},"sceneLighting":true,"audioPlay":false,"sceneViewState":{"showFog":true,"showMaterialUpdate":false,"showSkybox":true,"showFlares":true,"showImageEffects":true,"showParticleSystems":true,"showVisualEffectGraphs":true,"m_FxEnabled":true},"in2DMode":false,"pivot":{"x":-2.852614641189575,"y":3.904538869857788,"z":-1.623324990272522},"rotation":{"x":0.003864096710458398,"y":-0.13161611557006837,"z":0.000512904895003885,"w":0.9912940263748169},"size":0.21806031465530396,"orthographic":false}