{"cameraMode":{"drawMode":0,"name":"Shaded","section":"Shading Mode"},"sceneLighting":true,"audioPlay":false,"sceneViewState":{"showFog":true,"showMaterialUpdate":false,"showSkybox":true,"showFlares":true,"showImageEffects":true,"showParticleSystems":true,"showVisualEffectGraphs":true,"m_FxEnabled":true},"in2DMode":false,"pivot":{"x":-1.4626832008361817,"y":1.4970755577087403,"z":0.1267249584197998},"rotation":{"x":0.36867401003837588,"y":0.09873984009027481,"z":-0.03937145695090294,"w":0.9235371947288513},"size":2.7738895416259767,"orthographic":false}