{"cameraMode":{"drawMode":0,"name":"Shaded","section":"Shading Mode"},"sceneLighting":true,"audioPlay":false,"sceneViewState":{"showFog":true,"showMaterialUpdate":false,"showSkybox":true,"showFlares":true,"showImageEffects":true,"showParticleSystems":true,"showVisualEffectGraphs":true,"m_FxEnabled":true},"in2DMode":false,"pivot":{"x":-2.721006393432617,"y":1.2491211891174317,"z":1.6682767868041993},"rotation":{"x":0.28853797912597659,"y":-0.02872307226061821,"z":0.00868281815201044,"w":0.9570868015289307},"size":2.727090358734131,"orthographic":false}