{"cameraMode":{"drawMode":0,"name":"Shaded","section":"Shading Mode"},"sceneLighting":true,"audioPlay":false,"sceneViewState":{"showFog":true,"showMaterialUpdate":false,"showSkybox":true,"showFlares":true,"showImageEffects":true,"showParticleSystems":true,"showVisualEffectGraphs":true,"m_FxEnabled":true},"in2DMode":false,"pivot":{"x":-2.14804744720459,"y":2.821364164352417,"z":0.6157622337341309},"rotation":{"x":0.22760912775993348,"y":0.04088901728391647,"z":-0.009524972178041935,"w":0.9729177355766296},"size":1.9753742218017579,"orthographic":false}