{"cameraMode":{"drawMode":0,"name":"Shaded","section":"Shading Mode"},"sceneLighting":false,"audioPlay":false,"sceneViewState":{"showFog":true,"showMaterialUpdate":false,"showSkybox":true,"showFlares":true,"showImageEffects":true,"showParticleSystems":true,"showVisualEffectGraphs":true,"m_FxEnabled":true},"in2DMode":false,"pivot":{"x":-0.15682542324066163,"y":3.096518039703369,"z":5.054614067077637},"rotation":{"x":0.039002954959869388,"y":-0.0006128802779130638,"z":0.00015313975745812058,"w":0.9995374083518982},"size":1.809070110321045,"orthographic":false}