{"cameraMode":{"drawMode":0,"name":"Shaded","section":"Shading Mode"},"sceneLighting":false,"audioPlay":false,"sceneViewState":{"showFog":true,"showMaterialUpdate":false,"showSkybox":true,"showFlares":true,"showImageEffects":true,"showParticleSystems":true,"showVisualEffectGraphs":true,"m_FxEnabled":true},"in2DMode":false,"pivot":{"x":1.6108683347702027,"y":3.780590772628784,"z":2.762068271636963},"rotation":{"x":-0.06896880269050598,"y":-0.007476208731532097,"z":0.000253015459747985,"w":-0.9979145526885986},"size":0.6459439992904663,"orthographic":false}