{"cameraMode":{"drawMode":0,"name":"Shaded","section":"Shading Mode"},"sceneLighting":true,"audioPlay":false,"sceneViewState":{"showFog":true,"showMaterialUpdate":false,"showSkybox":true,"showFlares":true,"showImageEffects":true,"showParticleSystems":true,"showVisualEffectGraphs":true,"m_FxEnabled":true},"in2DMode":false,"pivot":{"x":-2.6563196182250978,"y":3.777252674102783,"z":-1.290934681892395},"rotation":{"x":-0.15385620296001435,"y":-0.020760858431458474,"z":0.003217516466975212,"w":-0.9878972768783569},"size":0.6542590856552124,"orthographic":false}