{"cameraMode":{"drawMode":0,"name":"Shaded","section":"Shading Mode"},"sceneLighting":true,"audioPlay":false,"sceneViewState":{"showFog":true,"showMaterialUpdate":false,"showSkybox":true,"showFlares":true,"showImageEffects":true,"showParticleSystems":true,"showVisualEffectGraphs":true,"m_FxEnabled":true},"in2DMode":false,"pivot":{"x":-2.8466525077819826,"y":3.4621126651763918,"z":0.20885884761810304},"rotation":{"x":0.19374129176139832,"y":0.573108971118927,"z":-0.1417134404182434,"w":0.7835657000541687},"size":2.9391582012176515,"orthographic":false}