{"cameraMode":{"drawMode":0,"name":"Shaded","section":"Shading Mode"},"sceneLighting":true,"audioPlay":false,"sceneViewState":{"showFog":true,"showMaterialUpdate":false,"showSkybox":true,"showFlares":true,"showImageEffects":true,"showParticleSystems":true,"showVisualEffectGraphs":true,"m_FxEnabled":true},"in2DMode":false,"pivot":{"x":-1.2932809591293336,"y":0.14543819427490235,"z":11.077242851257325},"rotation":{"x":0.21549315750598908,"y":-0.051786892116069797,"z":0.011555928736925125,"w":0.9751260280609131},"size":5.263347148895264,"orthographic":false}