{"cameraMode":{"drawMode":0,"name":"Shaded","section":"Shading Mode"},"sceneLighting":true,"audioPlay":false,"sceneViewState":{"showFog":true,"showMaterialUpdate":false,"showSkybox":true,"showFlares":true,"showImageEffects":true,"showParticleSystems":true,"showVisualEffectGraphs":true,"m_FxEnabled":true},"in2DMode":false,"pivot":{"x":-2.054734230041504,"y":1.9522929191589356,"z":2.714341163635254},"rotation":{"x":0.20476968586444856,"y":0.03962864726781845,"z":-0.008309738710522652,"w":0.9779834747314453},"size":3.147531032562256,"orthographic":false}