{"cameraMode":{"drawMode":0,"name":"Shaded","section":"Shading Mode"},"sceneLighting":false,"audioPlay":false,"sceneViewState":{"showFog":true,"showMaterialUpdate":false,"showSkybox":true,"showFlares":true,"showImageEffects":true,"showParticleSystems":true,"showVisualEffectGraphs":true,"m_FxEnabled":true},"in2DMode":false,"pivot":{"x":1.5895370244979859,"y":3.6448183059692385,"z":5.005404472351074},"rotation":{"x":0.007503158412873745,"y":-0.0036183299962431194,"z":0.00013653231144417077,"w":1.00027334690094},"size":3.719177722930908,"orthographic":false}