{"cameraMode":{"drawMode":0,"name":"Shaded","section":"Shading Mode"},"sceneLighting":true,"audioPlay":false,"sceneViewState":{"showFog":true,"showMaterialUpdate":false,"showSkybox":true,"showFlares":true,"showImageEffects":true,"showParticleSystems":true,"showVisualEffectGraphs":true,"m_FxEnabled":true},"in2DMode":false,"pivot":{"x":-2.7343194484710695,"y":1.6947376728057862,"z":0.24821436405181886},"rotation":{"x":0.33615341782569888,"y":-0.07055444270372391,"z":0.025266602635383607,"w":0.9389002919197083},"size":2.6399922370910646,"orthographic":false}