{"cameraMode":{"drawMode":0,"name":"Shaded","section":"Shading Mode"},"sceneLighting":false,"audioPlay":false,"sceneViewState":{"showFog":true,"showMaterialUpdate":true,"showSkybox":true,"showFlares":true,"showImageEffects":true,"showParticleSystems":true},"in2DMode":false,"pivot":{"x":0.18795299530029298,"y":5.805473327636719,"z":0.569859504699707},"rotation":{"x":0.06610142439603806,"y":0.825965940952301,"z":-0.09909027069807053,"w":0.5509944558143616},"size":5.865782737731934,"orthographic":false}