{"cameraMode":{"drawMode":0,"name":"Shaded","section":"Shading Mode"},"sceneLighting":false,"audioPlay":false,"sceneViewState":{"showFog":true,"showMaterialUpdate":true,"showSkybox":true,"showFlares":true,"showImageEffects":true,"showParticleSystems":true},"in2DMode":false,"pivot":{"x":-2.688060998916626,"y":9.362140655517579,"z":-0.5503112077713013},"rotation":{"x":0.1473361998796463,"y":-0.01780226267874241,"z":0.0026525394059717657,"w":0.9889262914657593},"size":1.2523102760314942,"orthographic":false}