{"cameraMode":{"drawMode":0,"name":"Shaded","section":"Shading Mode"},"sceneLighting":false,"audioPlay":false,"sceneViewState":{"showFog":true,"showMaterialUpdate":true,"showSkybox":false,"showFlares":true,"showImageEffects":true,"showParticleSystems":true},"in2DMode":false,"pivot":{"x":-1.8832348585128785,"y":3.727860450744629,"z":-1.1613348722457886},"rotation":{"x":-0.2418016493320465,"y":0.26849231123924258,"z":-0.06979938596487045,"w":-0.9298714995384216},"size":1.2421019077301026,"orthographic":false}