{"cameraMode":{"drawMode":0,"name":"Shaded","section":"Shading Mode"},"sceneLighting":true,"audioPlay":false,"sceneViewState":{"showFog":true,"showMaterialUpdate":true,"showSkybox":true,"showFlares":true,"showImageEffects":true,"showParticleSystems":true},"in2DMode":false,"pivot":{"x":-2.4456913471221926,"y":2.9117631912231447,"z":-0.6238775253295898},"rotation":{"x":-0.2210565060377121,"y":-0.011132477782666684,"z":0.0024896515533328058,"w":-0.9752534627914429},"size":1.2546331882476807,"orthographic":false}