{"cameraMode":{"drawMode":0,"name":"Shaded","section":"Shading Mode"},"sceneLighting":true,"audioPlay":false,"sceneViewState":{"showFog":true,"showMaterialUpdate":true,"showSkybox":true,"showFlares":true,"showImageEffects":true,"showParticleSystems":true},"in2DMode":false,"pivot":{"x":5.67587423324585,"y":-4.954946994781494,"z":-13.30095100402832},"rotation":{"x":0.06124890223145485,"y":0.937352180480957,"z":-0.21453805267810822,"w":0.26762524247169497},"size":15.091876029968262,"orthographic":false}