{"cameraMode":{"drawMode":0,"name":"Shaded","section":"Shading Mode"},"sceneLighting":false,"audioPlay":false,"sceneViewState":{"showFog":true,"showMaterialUpdate":true,"showSkybox":true,"showFlares":true,"showImageEffects":true,"showParticleSystems":true},"in2DMode":false,"pivot":{"x":-22.480993270874025,"y":7.9194207191467289,"z":6.67197847366333},"rotation":{"x":0.21652594208717347,"y":0.03513728082180023,"z":-0.00779802817851305,"w":0.9756142497062683},"size":-0.687099814414978,"orthographic":false}