{"cameraMode":{"drawMode":0,"name":"Shaded","section":"Shading Mode"},"sceneLighting":false,"audioPlay":false,"sceneViewState":{"showFog":true,"showMaterialUpdate":true,"showSkybox":false,"showFlares":true,"showImageEffects":true,"showParticleSystems":true},"in2DMode":false,"pivot":{"x":4.801036834716797,"y":2.5116264820098879,"z":6.721643924713135},"rotation":{"x":0.42074304819107058,"y":0.02176891639828682,"z":-0.010099752806127072,"w":0.9068624377250671},"size":1.3467247486114503,"orthographic":false}