{"cameraMode":{"drawMode":0,"name":"Shaded","section":"Shading Mode"},"sceneLighting":true,"audioPlay":false,"sceneViewState":{"showFog":true,"showMaterialUpdate":true,"showSkybox":true,"showFlares":true,"showImageEffects":true,"showParticleSystems":true},"in2DMode":false,"pivot":{"x":-1.2372938394546509,"y":4.2401556968688969,"z":-2.5296096801757814},"rotation":{"x":-0.26926517486572268,"y":0.3603347837924957,"z":-0.10943876951932907,"w":-0.8864352703094482},"size":0.23893362283706666,"orthographic":false}