{"cameraMode":{"drawMode":0,"name":"Shaded","section":"Shading Mode"},"sceneLighting":false,"audioPlay":false,"sceneViewState":{"showFog":true,"showMaterialUpdate":true,"showSkybox":true,"showFlares":true,"showImageEffects":true,"showParticleSystems":true},"in2DMode":false,"pivot":{"x":11.505473136901856,"y":-11.379054069519043,"z":15.372020721435547},"rotation":{"x":-0.279498815536499,"y":-0.2776934504508972,"z":0.08480324596166611,"w":-0.9152061939239502},"size":12.988164901733399,"orthographic":false}