{"cameraMode":{"drawMode":0,"name":"Shaded","section":"Shading Mode"},"sceneLighting":true,"audioPlay":false,"sceneViewState":{"showFog":true,"showMaterialUpdate":true,"showSkybox":true,"showFlares":true,"showImageEffects":true,"showParticleSystems":true},"in2DMode":false,"pivot":{"x":-0.3470410108566284,"y":3.225215196609497,"z":-2.2094898223876955},"rotation":{"x":0.4822092056274414,"y":0.024961156770586969,"z":-0.013746730983257294,"w":0.875593900680542},"size":0.8126505017280579,"orthographic":false}