{"cameraMode":{"drawMode":0,"name":"Shaded","section":"Shading Mode"},"sceneLighting":true,"audioPlay":false,"sceneViewState":{"showFog":true,"showMaterialUpdate":true,"showSkybox":true,"showFlares":true,"showImageEffects":true,"showParticleSystems":true},"in2DMode":false,"pivot":{"x":-2.045015573501587,"y":3.8492960929870607,"z":-0.5288991928100586},"rotation":{"x":-0.23129266500473023,"y":-0.006725769490003586,"z":0.001574443420395255,"w":-0.9729149341583252},"size":1.5546331405639649,"orthographic":false}