{"cameraMode":{"drawMode":0,"name":"Shaded","section":"Shading Mode"},"sceneLighting":false,"audioPlay":false,"sceneViewState":{"showFog":true,"showMaterialUpdate":true,"showSkybox":false,"showFlares":true,"showImageEffects":true,"showParticleSystems":true},"in2DMode":false,"pivot":{"x":6.789000034332275,"y":2.496992349624634,"z":6.96999979019165},"rotation":{"x":0.2674512565135956,"y":-0.031790781766176227,"z":0.008829083293676377,"w":0.9630066752433777},"size":1.503042459487915,"orthographic":false}