{"cameraMode":{"drawMode":0,"name":"Shaded","section":"Shading Mode"},"sceneLighting":false,"audioPlay":false,"sceneViewState":{"showFog":true,"showMaterialUpdate":true,"showSkybox":false,"showFlares":true,"showImageEffects":true,"showParticleSystems":true},"in2DMode":false,"pivot":{"x":-1.3550820350646973,"y":-14.209224700927735,"z":31.906280517578126},"rotation":{"x":-0.2496083378791809,"y":-0.5149246454238892,"z":0.1598237305879593,"w":-0.8044217824935913},"size":10.0,"orthographic":false}