{"cameraMode":{"drawMode":0,"name":"Shaded","section":"Shading Mode"},"sceneLighting":true,"audioPlay":false,"sceneViewState":{"showFog":true,"showMaterialUpdate":true,"showSkybox":true,"showFlares":true,"showImageEffects":true,"showParticleSystems":true},"in2DMode":false,"pivot":{"x":1.7795578241348267,"y":4.027073383331299,"z":3.9972991943359377},"rotation":{"x":0.014969565905630589,"y":-0.28025707602500918,"z":-0.004395695868879557,"w":-0.9598178863525391},"size":4.185467720031738,"orthographic":false}