{"cameraMode":{"drawMode":0,"name":"Shaded","section":"Shading Mode"},"sceneLighting":false,"audioPlay":false,"sceneViewState":{"showFog":true,"showMaterialUpdate":true,"showSkybox":true,"showFlares":true,"showImageEffects":true,"showParticleSystems":true},"in2DMode":false,"pivot":{"x":-2.971843957901001,"y":3.4890599250793459,"z":2.986992597579956},"rotation":{"x":0.12227574735879898,"y":-0.14387580752372743,"z":0.017917685210704805,"w":0.981849193572998},"size":1.937173843383789,"orthographic":false}