{"cameraMode":{"drawMode":0,"name":"Shaded","section":"Shading Mode"},"sceneLighting":true,"audioPlay":false,"sceneViewState":{"showFog":true,"showMaterialUpdate":true,"showSkybox":true,"showFlares":true,"showImageEffects":true,"showParticleSystems":true},"in2DMode":false,"pivot":{"x":-2.575242280960083,"y":4.251123905181885,"z":-2.308117389678955},"rotation":{"x":0.18997643887996674,"y":0.051516782492399219,"z":-0.01000349223613739,"w":0.9804275631904602},"size":0.42030584812164309,"orthographic":false}