{"cameraMode":{"drawMode":0,"name":"Shaded","section":"Shading Mode"},"sceneLighting":true,"audioPlay":false,"sceneViewState":{"showFog":true,"showMaterialUpdate":true,"showSkybox":true,"showFlares":true,"showImageEffects":true,"showParticleSystems":true},"in2DMode":false,"pivot":{"x":-2.134949207305908,"y":1.1131670475006104,"z":7.97813606262207},"rotation":{"x":0.1443803906440735,"y":0.0148430485278368,"z":-0.002171872416511178,"w":0.9894407987594605},"size":5.932015419006348,"orthographic":false}