{"cameraMode":{"drawMode":0,"name":"Shaded","section":"Shading Mode"},"sceneLighting":true,"audioPlay":false,"sceneViewState":{"showFog":true,"showMaterialUpdate":true,"showSkybox":true,"showFlares":true,"showImageEffects":true,"showParticleSystems":true},"in2DMode":false,"pivot":{"x":-0.29003673791885378,"y":3.9508285522460939,"z":-2.5678164958953859},"rotation":{"x":0.36152684688568118,"y":0.0000029640132197528148,"z":0.000004097297278349288,"w":0.9323798418045044},"size":0.5272626280784607,"orthographic":false}