{"cameraMode":{"drawMode":0,"name":"Shaded","section":"Shading Mode"},"sceneLighting":true,"audioPlay":false,"sceneViewState":{"showFog":true,"showMaterialUpdate":true,"showSkybox":true,"showFlares":true,"showImageEffects":true,"showParticleSystems":true},"in2DMode":false,"pivot":{"x":17.823976516723634,"y":2.979844331741333,"z":-0.9084556102752686},"rotation":{"x":-0.2496083378791809,"y":-0.5149246454238892,"z":0.1598237305879593,"w":-0.8044217824935913},"size":2.426743984222412,"orthographic":false}