{"cameraMode":{"drawMode":0,"name":"Shaded","section":"Shading Mode"},"sceneLighting":true,"audioPlay":false,"sceneViewState":{"showFog":true,"showMaterialUpdate":true,"showSkybox":true,"showFlares":true,"showImageEffects":true,"showParticleSystems":true},"in2DMode":false,"pivot":{"x":-2.603910446166992,"y":3.329400062561035,"z":-0.42062950134277346},"rotation":{"x":-0.2210565060377121,"y":-0.011132477782666684,"z":0.0024896515533328058,"w":-0.9752534627914429},"size":1.5546331405639649,"orthographic":false}