{"cameraMode":{"drawMode":0,"name":"Shaded","section":"Shading Mode"},"sceneLighting":true,"audioPlay":false,"sceneViewState":{"showFog":true,"showMaterialUpdate":true,"showSkybox":true,"showFlares":true,"showImageEffects":true,"showParticleSystems":true,"showVisualEffectGraphs":true,"m_FxEnabled":true},"in2DMode":false,"pivot":{"x":0.8702796697616577,"y":0.048813700675964358,"z":1.0373320579528809},"rotation":{"x":-0.2594720125198364,"y":0.013323203660547734,"z":-0.0035806172527372839,"w":-0.9656553268432617},"size":0.9556254744529724,"orthographic":false}