{"cameraMode":{"drawMode":0,"name":"Shaded","section":"Shading Mode"},"sceneLighting":false,"audioPlay":false,"sceneViewState":{"showFog":true,"showMaterialUpdate":true,"showSkybox":true,"showFlares":true,"showImageEffects":true,"showParticleSystems":true},"in2DMode":false,"pivot":{"x":7.500887870788574,"y":2.46230411529541,"z":7.499014377593994},"rotation":{"x":0.06555721908807755,"y":0.10904443264007569,"z":-0.007206663489341736,"w":0.9918522238731384},"size":1.997427225112915,"orthographic":false}