{"cameraMode":{"drawMode":0,"name":"Shaded","section":"Shading Mode"},"sceneLighting":true,"audioPlay":false,"sceneViewState":{"showFog":true,"showMaterialUpdate":true,"showSkybox":true,"showFlares":true,"showImageEffects":true,"showParticleSystems":true},"in2DMode":false,"pivot":{"x":-2.5135626792907717,"y":5.157687187194824,"z":4.0840911865234379},"rotation":{"x":-0.21316556632518769,"y":0.0023593062069267036,"z":-0.0005051582120358944,"w":-0.9770398139953613},"size":3.472313404083252,"orthographic":false}