{"cameraMode":{"drawMode":0,"name":"Shaded","section":"Shading Mode"},"sceneLighting":true,"audioPlay":false,"sceneViewState":{"showFog":true,"showMaterialUpdate":true,"showSkybox":true,"showFlares":true,"showImageEffects":true,"showParticleSystems":true},"in2DMode":false,"pivot":{"x":-1.699280023574829,"y":1.533487319946289,"z":7.6412153244018559},"rotation":{"x":-0.15814091265201569,"y":-0.11466386914253235,"z":0.01849188841879368,"w":-0.9805700182914734},"size":8.894243240356446,"orthographic":false}