{"cameraMode":{"drawMode":0,"name":"Shaded","section":"Shading Mode"},"sceneLighting":false,"audioPlay":false,"sceneViewState":{"showFog":true,"showMaterialUpdate":true,"showSkybox":true,"showFlares":true,"showImageEffects":true,"showParticleSystems":true},"in2DMode":false,"pivot":{"x":556.3265991210938,"y":302.22381591796877,"z":11.126861572265625},"rotation":{"x":-0.0018089022487401963,"y":0.006913302466273308,"z":0.0000033657661333563739,"w":-1.0000007152557374},"size":254.1986541748047,"orthographic":false}