{"cameraMode":{"drawMode":0,"name":"Shaded","section":"Shading Mode"},"sceneLighting":true,"audioPlay":false,"sceneViewState":{"showFog":true,"showMaterialUpdate":true,"showSkybox":true,"showFlares":true,"showImageEffects":true,"showParticleSystems":true},"in2DMode":false,"pivot":{"x":-0.6819238066673279,"y":-7.647594928741455,"z":5.299345970153809},"rotation":{"x":0.5045549869537354,"y":-0.00906568393111229,"z":0.005297218449413776,"w":0.86331707239151},"size":6.323220729827881,"orthographic":false}