{"cameraMode":{"drawMode":0,"name":"Shaded","section":"Shading Mode"},"sceneLighting":true,"audioPlay":false,"sceneViewState":{"showFog":true,"showMaterialUpdate":true,"showSkybox":true,"showFlares":true,"showImageEffects":true,"showParticleSystems":true},"in2DMode":false,"pivot":{"x":-4.32570219039917,"y":2.7948291301727297,"z":6.846704483032227},"rotation":{"x":-0.1414215862751007,"y":-0.0038678168784826996,"z":0.0005545521853491664,"w":-0.9899481534957886},"size":3.148988962173462,"orthographic":false}