{"cameraMode":{"drawMode":0,"name":"Shaded","section":"Shading Mode"},"sceneLighting":true,"audioPlay":false,"sceneViewState":{"showFog":true,"showMaterialUpdate":true,"showSkybox":true,"showFlares":true,"showImageEffects":true,"showParticleSystems":true},"in2DMode":false,"pivot":{"x":-0.9491502642631531,"y":-5.668751239776611,"z":14.068769454956055},"rotation":{"x":0.40150511264801028,"y":0.030214354395866395,"z":-0.013255137950181961,"w":0.9152636528015137},"size":6.330522060394287,"orthographic":false}