{"cameraMode":{"drawMode":0,"name":"Shaded","section":"Shading Mode"},"sceneLighting":true,"audioPlay":false,"sceneViewState":{"showFog":true,"showMaterialUpdate":true,"showSkybox":true,"showFlares":true,"showImageEffects":true,"showParticleSystems":true},"in2DMode":false,"pivot":{"x":0.82704758644104,"y":-0.9951069355010986,"z":0.4359057545661926},"rotation":{"x":0.6031114459037781,"y":-0.002393171191215515,"z":0.00180920772254467,"w":0.7976537942886353},"size":1.7684588432312012,"orthographic":false}