{"cameraMode":{"drawMode":0,"name":"Shaded","section":"Shading Mode"},"sceneLighting":true,"audioPlay":false,"sceneViewState":{"showFog":true,"showMaterialUpdate":true,"showSkybox":true,"showFlares":true,"showImageEffects":true,"showParticleSystems":true},"in2DMode":false,"pivot":{"x":-10.211526870727539,"y":-17.269306182861329,"z":36.30707550048828},"rotation":{"x":0.20648261904716493,"y":-0.14385300874710084,"z":0.030788596719503404,"w":0.9673612117767334},"size":21.95416259765625,"orthographic":false}