{"cameraMode":{"drawMode":0,"name":"Shaded","section":"Shading Mode"},"sceneLighting":true,"audioPlay":false,"sceneViewState":{"showFog":true,"showMaterialUpdate":true,"showSkybox":true,"showFlares":true,"showImageEffects":true,"showParticleSystems":true},"in2DMode":false,"pivot":{"x":0.04094216227531433,"y":-0.16331222653388978,"z":0.9543179869651794},"rotation":{"x":-0.01589440368115902,"y":-0.018903931602835656,"z":0.00030328318825922906,"w":-0.9997018575668335},"size":0.5406619310379028,"orthographic":false}