{"cameraMode":{"drawMode":0,"name":"Shaded","section":"Shading Mode"},"sceneLighting":false,"audioPlay":false,"sceneViewState":{"showFog":true,"showMaterialUpdate":true,"showSkybox":true,"showFlares":true,"showImageEffects":true,"showParticleSystems":true},"in2DMode":false,"pivot":{"x":-2.006274700164795,"y":3.2742249965667726,"z":-0.22274351119995118},"rotation":{"x":-0.23048967123031617,"y":-0.11701097339391709,"z":0.02792634256184101,"w":-0.9656290411949158},"size":4.334673881530762,"orthographic":false}