{"cameraMode":{"drawMode":0,"name":"Shaded","section":"Shading Mode"},"sceneLighting":true,"audioPlay":false,"sceneViewState":{"showFog":true,"showMaterialUpdate":true,"showSkybox":true,"showFlares":true,"showImageEffects":true,"showParticleSystems":true},"in2DMode":false,"pivot":{"x":3.9671058654785158,"y":1.357899785041809,"z":-2.9570603370666506},"rotation":{"x":0.111014723777771,"y":-0.10711728036403656,"z":0.012034357525408268,"w":0.987963855266571},"size":2.730482339859009,"orthographic":false}