{"cameraMode":{"drawMode":0,"name":"Shaded","section":"Shading Mode"},"sceneLighting":false,"audioPlay":false,"sceneViewState":{"showFog":true,"showMaterialUpdate":true,"showSkybox":false,"showFlares":true,"showImageEffects":true,"showParticleSystems":true},"in2DMode":false,"pivot":{"x":-2.4132771492004396,"y":3.545062303543091,"z":-1.7681245803833008},"rotation":{"x":-0.46584945917129519,"y":0.026022041216492654,"z":-0.01370235811918974,"w":-0.8844038248062134},"size":1.2421019077301026,"orthographic":false}