{"cameraMode":{"drawMode":0,"name":"Shaded","section":"Shading Mode"},"sceneLighting":true,"audioPlay":false,"sceneViewState":{"showFog":true,"showMaterialUpdate":true,"showSkybox":true,"showFlares":true,"showImageEffects":true,"showParticleSystems":true},"in2DMode":false,"pivot":{"x":570.8311157226563,"y":226.94384765625,"z":-1.84637451171875},"rotation":{"x":0.01380948442965746,"y":0.0044941832311451439,"z":-0.00006273126200539991,"w":0.9998970031738281},"size":231.55517578125,"orthographic":false}