{"cameraMode":{"drawMode":0,"name":"Shaded","section":"Shading Mode"},"sceneLighting":true,"audioPlay":false,"sceneViewState":{"showFog":true,"showMaterialUpdate":true,"showSkybox":true,"showFlares":true,"showImageEffects":true,"showParticleSystems":true},"in2DMode":false,"pivot":{"x":-1.222057819366455,"y":-1.720262050628662,"z":4.988183975219727},"rotation":{"x":-0.25798818469047549,"y":-0.05125909298658371,"z":0.013720115646719933,"w":-0.9647206664085388},"size":5.3246564865112309,"orthographic":false}