{"cameraMode":{"drawMode":0,"name":"Shaded","section":"Shading Mode"},"sceneLighting":true,"audioPlay":false,"sceneViewState":{"showFog":true,"showMaterialUpdate":true,"showSkybox":true,"showFlares":true,"showImageEffects":true,"showParticleSystems":true},"in2DMode":false,"pivot":{"x":0.3603609800338745,"y":-2.835172653198242,"z":4.182178974151611},"rotation":{"x":-0.27570152282714846,"y":-0.0034542852081358434,"z":0.0009679163340479136,"w":-0.961283266544342},"size":3.0615246295928957,"orthographic":false}