{"cameraMode":{"drawMode":0,"name":"Shaded","section":"Shading Mode"},"sceneLighting":false,"audioPlay":false,"sceneViewState":{"showFog":true,"showMaterialUpdate":true,"showSkybox":true,"showFlares":true,"showImageEffects":true,"showParticleSystems":true},"in2DMode":false,"pivot":{"x":3.4463906288146974,"y":3.4324207305908205,"z":-3.24395751953125},"rotation":{"x":-0.28284138441085818,"y":0.019580846652388574,"z":-0.005765390582382679,"w":-0.9589768648147583},"size":5.817138671875,"orthographic":false}