{"cameraMode":{"drawMode":0,"name":"Shaded","section":"Shading Mode"},"sceneLighting":true,"audioPlay":false,"sceneViewState":{"showFog":true,"showMaterialUpdate":true,"showSkybox":true,"showFlares":true,"showImageEffects":true,"showParticleSystems":true},"in2DMode":false,"pivot":{"x":0.8172308802604675,"y":-1.361030101776123,"z":0.7904378771781921},"rotation":{"x":-0.6254943609237671,"y":0.01450586412101984,"z":-0.011628896929323674,"w":-0.7800167798995972},"size":2.6406619548797609,"orthographic":false}