{"cameraMode":{"drawMode":0,"name":"Shaded","section":"Shading Mode"},"sceneLighting":true,"audioPlay":false,"sceneViewState":{"showFog":true,"showMaterialUpdate":true,"showSkybox":true,"showFlares":true,"showImageEffects":true,"showParticleSystems":true},"in2DMode":false,"pivot":{"x":-2.2403244972229006,"y":2.1218085289001467,"z":1.0998876094818116},"rotation":{"x":0.27562958002090456,"y":0.06482430547475815,"z":-0.018632905557751657,"w":0.9588985443115234},"size":2.3802525997161867,"orthographic":false}