{"cameraMode":{"drawMode":0,"name":"Shaded","section":"Shading Mode"},"sceneLighting":true,"audioPlay":false,"sceneViewState":{"showFog":true,"showMaterialUpdate":true,"showSkybox":true,"showFlares":true,"showImageEffects":true,"showParticleSystems":true,"showVisualEffectGraphs":true,"m_FxEnabled":true},"in2DMode":false,"pivot":{"x":-4.323641777038574,"y":3.2961065769195558,"z":-0.018105030059814454},"rotation":{"x":-0.17650045454502107,"y":0.24573293328285218,"z":-0.04555673897266388,"w":-0.9520490169525147},"size":2.1612372398376467,"orthographic":false}